Tarih,Uretilen_Adet,Toplam_Rota_Suresi,Uretim_Net_Kg,Uretim_Brut_Kg,Pik_Adet,Sfr_Adet,Adi_Adet,Tipi_Bos_Adet,Kontrol,Pik_Yuzde,Sfr_Yuzde,Pik_Net_Kg,Sfr_Net_Kg,Adi_Net_Kg,Tipi_Bos_Net_Kg,Kontrol_Kg,Pik_Kg_Yuzde,Sfr_Kg_Yuzde,Enerji_kWh
2024-01-01,426,7814.54,5831.03,5833.67,250,129,28,19,0,0.586854,0.302817,3201.42,2414.41,189.52,25.67,0,0.549032,0.414063,2565.78
2024-01-02,938,19561.56,11590.66,11590.66,422,265,156,95,0,0.449893,0.282516,5130.81,4915.36,1267.84,276.65,0,0.442668,0.424079,5265.99
2024-01-03,904,13309.21,10488.3,10488.3,392,273,213,26,0,0.433628,0.301991,4166.62,4428.81,1878.09,14.78,0,0.397263,0.422262,3935.94
2024-01-04,1032,12385.55,13664.53,13665.2,601,314,83,34,0,0.582364,0.304264,7827.32,5126.01,641.59,69.61,0,0.57282,0.375133,4121.02
2024-01-05,994,12418.39,11002.62,11002.62,551,315,99,29,0,0.554326,0.316901,5344.14,4626.46,991.03,40.99,0,0.485715,0.420487,3981.7
2024-01-06,0,0.0,0.0,1.76,0,0,0,0,0,0.0,0.0,0.0,0.0,0.0,0.0,0,0.0,0.0,1678.02
2024-01-07,0,0.0,0.0,2.38,0,0,0,0,0,0.0,0.0,0.0,0.0,0.0,0.0,0,0.0,0.0,1487.23
2024-01-08,1071,11264.13,12433.62,12434.1,524,351,135,61,0,0.489262,0.327731,5453.23,5532.31,1346.15,101.94,0,0.438587,0.444947,3897.74
2024-01-09,554,16722.47,5548.48,5550.48,224,118,187,25,0,0.404332,0.212996,2196.62,2006.74,1292.89,52.22,0,0.395896,0.361674,4205.98
2024-01-10,206,15433.92,2630.57,2632.78,86,44,73,3,0,0.417476,0.213592,1074.87,686.19,862.5,7.01,0,0.408609,0.260852,3587.35
2024-01-11,664,15801.13,7661.85,7662.55,332,152,129,51,0,0.5,0.228916,3281.44,2909.23,1361.09,110.08,0,0.428284,0.379704,4488.49
2024-01-12,432,18088.53,4366.92,4366.92,212,89,104,27,0,0.490741,0.206019,2061.2,1301.22,990.69,13.82,0,0.472002,0.297971,4166.16
2024-01-13,0,0.0,0.0,1.91,0,0,0,0,0,0.0,0.0,0.0,0.0,0.0,0.0,0,0.0,0.0,1510.0
2024-01-14,0,0.0,0.0,0.0,0,0,0,0,0,0.0,0.0,0.0,0.0,0.0,0.0,0,0.0,0.0,1367.2
2024-01-15,1064,10910.22,12491.72,12491.72,539,291,227,7,0,0.506579,0.273496,6127.05,4540.14,1813.6,10.93,0,0.490489,0.363452,3920.76
2024-01-16,726,14556.84,8866.2,8866.2,378,157,165,26,0,0.520661,0.216253,4776.02,2922.07,1096.66,71.45,0,0.538677,0.329574,3919.0
2024-01-17,500,16097.76,6233.94,6233.94,288,123,85,4,0,0.576,0.246,3333.68,1910.9,987.38,1.98,0,0.534763,0.306532,3869.15
2024-01-18,1316,22558.81,18586.39,18591.0,784,439,74,19,0,0.595745,0.333587,10082.29,7888.82,609.9,5.38,0,0.542455,0.42444,6291.68
2024-01-19,1341,23367.43,16553.45,16553.45,781,299,174,87,0,0.582401,0.222968,10444.16,4538.4,1367.98,202.9,0,0.630936,0.274167,6339.91
2024-01-20,0,0.0,0.0,1.01,0,0,0,0,0,0.0,0.0,0.0,0.0,0.0,0.0,0,0.0,0.0,1803.35
2024-01-21,0,0.0,0.0,0.27,0,0,0,0,0,0.0,0.0,0.0,0.0,0.0,0.0,0,0.0,0.0,1665.91
2024-01-22,763,13303.71,9910.07,9911.54,421,219,83,40,0,0.551769,0.287025,5294.93,4037.02,563.27,14.85,0,0.534298,0.407366,3869.82
2024-01-23,962,14330.48,11965.74,11966.43,587,233,136,6,0,0.610187,0.242204,6912.51,4148.3,902.41,2.53,0,0.577691,0.346681,4722.41
2024-01-24,682,20493.1,9179.91,9179.91,342,216,74,50,0,0.501466,0.316716,4496.32,4056.67,547.29,79.62,0,0.489801,0.441908,5096.65
2024-01-25,182,8190.43,2046.33,2047.35,90,43,33,16,0,0.494505,0.236264,1177.46,629.16,211.18,28.53,0,0.575399,0.307459,2212.58
2024-01-26,1044,9010.5,9345.19,9346.61,455,253,221,115,0,0.435824,0.242337,4143.11,3626.09,1557.57,18.42,0,0.443341,0.388017,3355.81
2024-01-27,0,0.0,0.0,1.06,0,0,0,0,0,0.0,0.0,0.0,0.0,0.0,0.0,0,0.0,0.0,1559.57
2024-01-28,0,0.0,0.0,0.0,0,0,0,0,0,0.0,0.0,0.0,0.0,0.0,0.0,0,0.0,0.0,1420.12
2024-01-29,0,0.0,0.0,0.0,0,0,0,0,0,0.0,0.0,0.0,0.0,0.0,0.0,0,0.0,0.0,1926.77
2024-01-30,911,9937.92,11106.27,11109.05,374,233,245,59,0,0.410538,0.255763,4924.57,3334.64,2829.52,17.54,0,0.443404,0.300249,3301.15
2024-01-31,869,13963.01,11456.39,11456.92,470,275,80,44,0,0.540852,0.316456,5438.42,5264.99,702.14,50.83,0,0.474706,0.459568,4214.34
2024-02-01,891,13650.58,10192.72,10194.47,401,227,195,68,0,0.450056,0.25477,4369.83,4111.98,1517.35,193.57,0,0.42872,0.403423,4385.78
2024-02-02,1372,16749.42,17026.59,17026.59,745,439,151,37,0,0.543003,0.319971,7778.38,8081.71,1089.38,77.12,0,0.456837,0.474652,5549.78
2024-02-03,0,0.0,0.0,5.46,0,0,0,0,0,0.0,0.0,0.0,0.0,0.0,0.0,0,0.0,0.0,1681.54
2024-02-04,0,0.0,0.0,0.0,0,0,0,0,0,0.0,0.0,0.0,0.0,0.0,0.0,0,0.0,0.0,1537.95
2024-02-05,603,9641.66,7193.91,7193.91,319,191,84,9,0,0.529022,0.31675,3275.15,3350.23,551.9,16.64,0,0.455266,0.465703,3212.73
2024-02-06,883,5303.96,11520.93,11522.03,501,282,78,22,0,0.567384,0.319366,6841.75,4150.59,522.8,5.79,0,0.593854,0.360265,2500.79
2024-02-07,1143,11713.44,13159.52,13159.52,683,359,71,30,0,0.59755,0.314086,7220.81,5365.5,488.96,84.25,0,0.548714,0.407727,0.0
2024-02-08,500,20629.01,6693.64,6693.64,285,135,58,22,0,0.57,0.27,3587.81,2660.47,389.23,56.14,0,0.536002,0.397462,9335.43
2024-02-09,816,7353.87,10021.4,10021.4,407,264,103,42,0,0.498775,0.323529,4563.11,4174.25,1185.6,98.44,0,0.455336,0.416534,2741.26
2024-02-10,0,0.0,0.0,0.0,0,0,0,0,0,0.0,0.0,0.0,0.0,0.0,0.0,0,0.0,0.0,1632.69
2024-02-11,0,0.0,0.0,2.11,0,0,0,0,0,0.0,0.0,0.0,0.0,0.0,0.0,0,0.0,0.0,1574.88
2024-02-12,857,16087.03,9417.53,9417.53,348,202,201,106,0,0.406068,0.235706,3476.88,3931.69,1997.46,11.5,0,0.369192,0.417487,4321.89
2024-02-13,276,12322.56,3670.57,3670.57,161,57,51,7,0,0.583333,0.206522,2070.55,1036.76,562.42,0.84,0,0.564094,0.282451,3250.04
2024-02-14,577,18299.71,7440.63,7442.05,324,132,85,36,0,0.561525,0.228769,4503.93,2332.34,537.8,66.56,0,0.605316,0.31346,4356.98
2024-02-15,574,16488.87,7271.53,7271.53,252,199,95,28,0,0.439024,0.34669,3069.87,3469.46,652.72,79.47,0,0.422177,0.47713,4415.67
2024-02-16,1158,25259.86,11568.38,11568.38,501,319,256,82,0,0.432642,0.275475,4807.64,4722.66,1963.12,74.96,0,0.415585,0.408238,6571.99
2024-02-17,0,0.0,0.0,0.94,0,0,0,0,0,0.0,0.0,0.0,0.0,0.0,0.0,0,0.0,0.0,1399.99
2024-02-18,0,0.0,0.0,0.0,0,0,0,0,0,0.0,0.0,0.0,0.0,0.0,0.0,0,0.0,0.0,1176.86
2024-02-19,624,9941.96,7807.87,7809.73,307,169,102,46,0,0.491987,0.270833,3631.46,3077.83,1008.54,90.04,0,0.465102,0.394196,3260.82
2024-02-20,782,15394.3,10368.56,10369.85,374,216,170,22,0,0.478261,0.276215,5088.38,3676.71,1550.68,52.79,0,0.490751,0.354602,4407.31
2024-02-21,904,19750.63,10616.55,10620.64,417,226,174,87,0,0.461283,0.25,5301.51,3183.91,1907.57,223.56,0,0.499363,0.299901,5190.76
2024-02-22,5,10326.55,57.47,57.47,3,1,0,1,0,0.6,0.2,37.31,18.23,0.0,1.92,0,0.649294,0.317251,2562.88
2024-02-23,545,10101.56,7513.29,7517.65,318,189,30,8,0,0.583486,0.346789,4436.61,2806.57,260.68,9.42,0,0.590502,0.373548,3117.45
2024-02-24,0,0.0,0.0,4.69,0,0,0,0,0,0.0,0.0,0.0,0.0,0.0,0.0,0,0.0,0.0,1484.88
2024-02-25,0,0.0,0.0,0.0,0,0,0,0,0,0.0,0.0,0.0,0.0,0.0,0.0,0,0.0,0.0,1469.26
2024-02-26,0,0.0,0.0,0.0,0,0,0,0,0,0.0,0.0,0.0,0.0,0.0,0.0,0,0.0,0.0,1664.74
2024-02-27,1170,11959.1,14183.55,14184.16,594,248,227,101,0,0.507692,0.211966,7239.64,4437.93,2274.82,231.16,0,0.510425,0.312893,4112.12
2024-02-28,910,14856.95,12943.19,12943.19,460,286,152,12,0,0.505495,0.314286,6231.97,5011.5,1687.45,12.26,0,0.481487,0.387193,4525.93
2024-02-29,519,11163.5,5528.34,5529.13,246,118,93,62,0,0.473988,0.22736,2765.3,1869.73,891.95,1.36,0,0.500203,0.338209,3147.29
2024-03-01,1234,4517.37,18241.62,18247.61,623,387,214,10,0,0.504862,0.313614,8607.4,7233.82,2396.97,3.42,0,0.471855,0.396556,2792.2
2024-03-02,0,0.0,0.0,0.71,0,0,0,0,0,0.0,0.0,0.0,0.0,0.0,0.0,0,0.0,0.0,1840.0
2024-03-03,0,0.0,0.0,0.0,0,0,0,0,0,0.0,0.0,0.0,0.0,0.0,0.0,0,0.0,0.0,1594.83
2024-03-04,218,17445.49,2807.79,2811.61,89,69,47,13,0,0.408257,0.316514,1007.91,1370.86,398.06,30.95,0,0.35897,0.488234,3971.2
2024-03-05,1039,10632.82,12738.38,12738.38,424,265,216,134,0,0.408085,0.255053,5247.65,4844.08,2298.74,347.91,0,0.411956,0.380274,3824.2
2024-03-06,1273,13208.1,13590.12,13590.12,749,255,215,54,0,0.588374,0.200314,6851.88,4184.07,2445.37,108.8,0,0.504181,0.307876,4426.33
2024-03-07,642,13693.37,6640.55,6642.65,340,166,95,41,0,0.529595,0.258567,3378.91,2408.47,764.9,88.27,0,0.50883,0.362692,3924.66
2024-03-08,731,6520.28,9894.53,9899.54,384,255,79,13,0,0.525308,0.348837,4209.35,4970.41,709.54,5.24,0,0.425422,0.502339,2723.89
2024-03-09,0,0.0,0.0,0.96,0,0,0,0,0,0.0,0.0,0.0,0.0,0.0,0.0,0,0.0,0.0,1393.57
2024-03-10,0,0.0,0.0,0.53,0,0,0,0,0,0.0,0.0,0.0,0.0,0.0,0.0,0,0.0,0.0,1768.25
2024-03-11,204,13118.38,2347.33,2347.33,115,57,22,10,0,0.563725,0.279412,1170.18,909.27,252.0,15.89,0,0.498516,0.387362,3307.75
2024-03-12,332,15678.49,4264.97,4266.85,156,74,96,6,0,0.46988,0.222892,1841.96,1387.64,1027.48,7.89,0,0.431881,0.325357,3876.73
2024-03-13,609,21714.7,7931.82,7934.67,349,138,99,23,0,0.573071,0.226601,4280.35,2723.03,898.56,29.88,0,0.539643,0.343305,5085.5
2024-03-14,0,0.0,0.0,0.0,0,0,0,0,0,0.0,0.0,0.0,0.0,0.0,0.0,0,0.0,0.0,1376.55
2024-03-15,711,14504.12,6918.63,6918.63,333,147,148,83,0,0.468354,0.206751,3097.78,2673.8,1071.83,75.22,0,0.447744,0.386464,4039.96
2024-03-16,0,0.0,0.0,2.1,0,0,0,0,0,0.0,0.0,0.0,0.0,0.0,0.0,0,0.0,0.0,1363.69
2024-03-17,0,0.0,0.0,0.0,0,0,0,0,0,0.0,0.0,0.0,0.0,0.0,0.0,0,0.0,0.0,1512.08
2024-03-18,248,13158.34,2892.25,2896.64,122,78,43,5,0,0.491935,0.314516,1294.72,1205.48,381.8,10.25,0,0.44765,0.416797,3414.34
2024-03-19,0,0.0,0.0,0.0,0,0,0,0,0,0.0,0.0,0.0,0.0,0.0,0.0,0,0.0,0.0,1630.61
2024-03-20,966,19148.28,9957.87,9961.43,415,326,135,90,0,0.429607,0.337474,3799.91,4780.39,1312.32,65.24,0,0.381599,0.480062,4919.71
2024-03-21,0,0.0,0.0,2.79,0,0,0,0,0,0.0,0.0,0.0,0.0,0.0,0.0,0,0.0,0.0,1873.57
2024-03-22,653,9760.17,8602.94,8605.51,384,155,109,5,0,0.588055,0.237366,4614.57,3085.72,890.44,12.2,0,0.536395,0.358682,3228.45
2024-03-23,0,0.0,0.0,3.75,0,0,0,0,0,0.0,0.0,0.0,0.0,0.0,0.0,0,0.0,0.0,1664.37
2024-03-24,0,0.0,0.0,2.22,0,0,0,0,0,0.0,0.0,0.0,0.0,0.0,0.0,0,0.0,0.0,1664.64
2024-03-25,0,0.0,0.0,0.0,0,0,0,0,0,0.0,0.0,0.0,0.0,0.0,0.0,0,0.0,0.0,1565.05
2024-03-26,344,15085.02,4105.83,4107.02,191,106,33,14,0,0.555233,0.30814,2286.11,1564.15,226.46,29.11,0,0.556796,0.380959,3574.43
2024-03-27,0,0.0,0.0,0.0,0,0,0,0,0,0.0,0.0,0.0,0.0,0.0,0.0,0,0.0,0.0,1873.56
2024-03-28,783,9761.85,8991.28,8992.45,467,260,44,12,0,0.596424,0.332056,4840.89,3718.81,420.97,10.61,0,0.538399,0.413602,3113.58
2024-03-29,1140,10648.25,14048.4,14048.4,675,271,163,31,0,0.592105,0.237719,7412.06,4895.81,1687.8,52.73,0,0.527609,0.348496,3704.09
2024-03-30,0,0.0,0.0,0.65,0,0,0,0,0,0.0,0.0,0.0,0.0,0.0,0.0,0,0.0,0.0,1513.63
2024-03-31,0,0.0,0.0,0.0,0,0,0,0,0,0.0,0.0,0.0,0.0,0.0,0.0,0,0.0,0.0,1595.52
2024-04-01,566,15726.38,7395.45,7396.41,337,146,71,12,0,0.595406,0.257951,4653.21,2200.31,511.0,30.92,0,0.629199,0.297523,3749.9
2024-04-02,789,2142.89,9895.04,9895.04,381,218,169,21,0,0.48289,0.276299,4920.54,3797.47,1120.08,56.95,0,0.497273,0.383775,1737.95
2024-04-03,1404,24927.72,17830.28,17832.83,568,487,261,88,0,0.404558,0.346866,7632.7,7971.11,2065.76,160.71,0,0.428075,0.447055,7075.03
2024-04-04,613,14599.63,6751.45,6751.45,271,157,139,46,0,0.442088,0.256117,2659.69,2842.86,1117.12,131.78,0,0.393944,0.421074,3881.27
2024-04-05,544,11552.6,5620.58,5620.77,241,123,144,36,0,0.443015,0.226103,2481.63,1755.34,1280.01,103.61,0,0.441525,0.312305,2878.09
2024-04-06,0,0.0,0.0,0.0,0,0,0,0,0,0.0,0.0,0.0,0.0,0.0,0.0,0,0.0,0.0,1510.23
2024-04-07,0,0.0,0.0,0.0,0,0,0,0,0,0.0,0.0,0.0,0.0,0.0,0.0,0,0.0,0.0,1544.96
2024-04-08,1102,17141.8,13895.3,13895.3,678,377,28,19,0,0.615245,0.342105,7134.14,6528.66,184.29,48.21,0,0.513421,0.469846,5011.88
2024-04-09,674,16983.6,8276.54,8281.31,395,193,75,11,0,0.586053,0.28635,4288.22,3170.82,792.01,25.49,0,0.518118,0.38311,4759.43
2024-04-10,345,15768.26,4079.42,4083.73,158,112,49,26,0,0.457971,0.324638,1777.39,1732.81,502.81,66.4,0,0.435697,0.42477,4125.01
2024-04-11,671,13879.94,8830.6,8830.83,407,223,36,5,0,0.606557,0.33234,4661.39,3830.8,331.9,6.52,0,0.527867,0.433809,4023.96
2024-04-12,1340,15928.19,13991.79,13993.26,584,379,257,120,0,0.435821,0.282836,5343.76,5576.5,2955.78,115.75,0,0.381921,0.398555,5132.43
2024-04-13,0,0.0,0.0,0.0,0,0,0,0,0,0.0,0.0,0.0,0.0,0.0,0.0,0,0.0,0.0,1610.45
2024-04-14,0,0.0,0.0,0.0,0,0,0,0,0,0.0,0.0,0.0,0.0,0.0,0.0,0,0.0,0.0,1618.92
2024-04-15,194,10066.91,2460.49,2461.71,84,65,32,13,0,0.43299,0.335052,899.81,1219.84,311.56,29.28,0,0.365703,0.49577,2778.13
2024-04-16,742,11292.48,8182.23,8182.9,297,258,132,55,0,0.40027,0.347709,3353.52,3811.74,912.64,104.33,0,0.409854,0.465856,3406.48
2024-04-17,1155,18111.68,13386.9,13388.79,629,334,150,42,0,0.544589,0.289177,6738.83,5031.18,1510.28,106.6,0,0.50339,0.375829,5201.65
2024-04-18,985,22563.02,12114.15,12116.45,509,294,130,52,0,0.516751,0.298477,5513.32,5418.73,1094.45,87.64,0,0.455114,0.447306,6006.98
2024-04-19,759,14911.87,8601.19,8602.33,360,198,155,46,0,0.474308,0.26087,3405.1,3564.98,1539.63,91.48,0,0.395887,0.414475,4344.47
2024-04-20,0,0.0,0.0,0.0,0,0,0,0,0,0.0,0.0,0.0,0.0,0.0,0.0,0,0.0,0.0,1252.08
2024-04-21,0,0.0,0.0,0.0,0,0,0,0,0,0.0,0.0,0.0,0.0,0.0,0.0,0,0.0,0.0,1366.21
2024-04-22,686,16232.03,7894.02,7894.02,295,166,195,30,0,0.430029,0.241983,2953.72,2863.91,1990.63,85.76,0,0.374172,0.362795,4379.26
2024-04-23,1183,13423.5,15615.17,15617.2,577,358,150,98,0,0.487743,0.30262,7717.69,6322.77,1299.55,275.17,0,0.494243,0.404912,4568.55
2024-04-24,814,17639.45,11302.91,11303.24,385,192,227,10,0,0.472973,0.235872,5088.4,3814.89,2376.68,22.94,0,0.450185,0.337514,4817.02
2024-04-25,830,14337.31,9938.47,9938.47,384,198,206,42,0,0.462651,0.238554,3876.2,3741.47,2299.66,21.13,0,0.39002,0.376464,4209.21
2024-04-26,753,7237.09,7807.32,7807.32,429,163,120,41,0,0.569721,0.216467,4274.11,2432.58,1024.42,76.22,0,0.547449,0.311576,2765.07
2024-04-27,0,0.0,0.0,0.0,0,0,0,0,0,0.0,0.0,0.0,0.0,0.0,0.0,0,0.0,0.0,1627.87
2024-04-28,0,0.0,0.0,0.19,0,0,0,0,0,0.0,0.0,0.0,0.0,0.0,0.0,0,0.0,0.0,1569.87
2024-04-29,304,10898.77,3749.08,3752.76,177,68,44,15,0,0.582237,0.223684,2036.18,1231.95,436.31,44.64,0,0.543114,0.328601,3075.37
2024-04-30,1202,18499.37,14590.85,14594.76,602,316,175,109,0,0.500832,0.262895,6481.55,5917.03,1923.73,268.54,0,0.44422,0.40553,5692.98
2024-05-01,388,19411.67,4148.51,4148.52,231,85,67,5,0,0.595361,0.219072,2256.32,1462.26,429.14,0.79,0,0.543887,0.352478,4521.8
2024-05-02,0,0.0,0.0,0.0,0,0,0,0,0,0.0,0.0,0.0,0.0,0.0,0.0,0,0.0,0.0,1868.84
2024-05-03,697,11450.41,8083.65,8083.76,410,225,49,13,0,0.588235,0.322812,3880.15,3682.55,510.91,10.04,0,0.48,0.455555,3488.71
2024-05-04,0,0.0,0.0,5.16,0,0,0,0,0,0.0,0.0,0.0,0.0,0.0,0.0,0,0.0,0.0,1132.47
2024-05-05,0,0.0,0.0,0.0,0,0,0,0,0,0.0,0.0,0.0,0.0,0.0,0.0,0,0.0,0.0,1452.23
2024-05-06,1014,20479.94,11102.45,11104.54,424,229,240,121,0,0.418146,0.225838,4660.83,4566.79,1637.58,237.23,0,0.419802,0.411332,5541.82
2024-05-07,5,11790.38,54.54,59.94,2,1,1,1,0,0.4,0.2,25.35,17.4,9.31,2.49,0,0.464773,0.319023,2669.85
2024-05-08,131,5646.51,1510.6,1510.6,59,34,33,5,0,0.450382,0.259542,696.56,554.62,251.6,7.83,0,0.461114,0.367148,1660.57
2024-05-09,776,17882.23,10367.64,10369.89,346,259,145,26,0,0.445876,0.333763,4654.16,4356.31,1284.2,72.97,0,0.448912,0.420184,5264.28
2024-05-10,464,11826.27,4754.63,4754.63,207,99,107,51,0,0.446121,0.213362,2045.3,1466.01,1194.3,49.02,0,0.430171,0.308332,3501.41
2024-05-11,0,0.0,0.0,0.89,0,0,0,0,0,0.0,0.0,0.0,0.0,0.0,0.0,0,0.0,0.0,1709.62
2024-05-12,0,0.0,0.0,0.0,0,0,0,0,0,0.0,0.0,0.0,0.0,0.0,0.0,0,0.0,0.0,1516.53
2024-05-13,5,7274.78,57.55,59.89,2,1,1,1,0,0.4,0.2,26.52,18.53,10.92,1.58,0,0.460911,0.321925,1907.0
2024-05-14,583,9068.21,7432.27,7433.25,307,187,59,30,0,0.526587,0.320755,3528.41,3171.9,697.69,34.27,0,0.474742,0.426774,2890.7
2024-05-15,990,23556.21,12139.92,12139.92,418,326,204,42,0,0.422222,0.329293,4616.12,5408.05,1998.97,116.77,0,0.380243,0.445477,5970.57
2024-05-16,1295,13220.77,14660.01,14663.01,649,386,212,48,0,0.501158,0.298069,6962.9,6280.82,1392.38,23.91,0,0.474958,0.428432,4615.6
2024-05-17,763,18028.7,9730.0,9731.12,348,247,162,6,0,0.456094,0.323722,4295.97,3535.92,1891.05,7.06,0,0.441518,0.363404,4809.66
2024-05-18,0,0.0,0.0,0.0,0,0,0,0,0,0.0,0.0,0.0,0.0,0.0,0.0,0,0.0,0.0,1841.61
2024-05-19,0,0.0,0.0,1.09,0,0,0,0,0,0.0,0.0,0.0,0.0,0.0,0.0,0,0.0,0.0,1510.75
2024-05-20,41,14304.64,474.74,475.25,20,11,5,5,0,0.487805,0.268293,213.07,212.0,41.19,8.48,0,0.448819,0.446559,3184.25
2024-05-21,867,9611.67,12376.8,12378.64,530,298,35,4,0,0.611303,0.343714,6344.82,5742.13,288.64,1.21,0,0.512638,0.463943,3471.26
2024-05-22,441,8438.5,5619.11,5624.61,217,112,84,28,0,0.492063,0.253968,2815.3,2130.95,647.34,25.52,0,0.501024,0.379232,2666.79
2024-05-23,1184,8458.16,12888.96,12888.96,516,355,234,79,0,0.435811,0.299831,4747.45,5953.48,2137.24,50.8,0,0.368334,0.461905,3277.48
2024-05-24,1078,17944.05,15097.75,15099.03,527,346,202,3,0,0.488868,0.320965,6460.15,6653.05,1980.69,3.86,0,0.427888,0.440665,5281.88
2024-05-25,0,0.0,0.0,0.0,0,0,0,0,0,0.0,0.0,0.0,0.0,0.0,0.0,0,0.0,0.0,1965.77
2024-05-26,0,0.0,0.0,0.98,0,0,0,0,0,0.0,0.0,0.0,0.0,0.0,0.0,0,0.0,0.0,1418.19
2024-05-27,742,16547.61,9397.2,9397.2,304,252,173,13,0,0.409704,0.339623,4004.76,3763.51,1593.22,35.71,0,0.426165,0.400492,4482.49
2024-05-28,190,8065.46,2124.2,2126.69,88,43,41,18,0,0.463158,0.226316,833.49,825.76,420.13,44.82,0,0.392376,0.388741,2048.49
2024-05-29,903,22330.83,11670.55,11670.55,469,254,171,9,0,0.51938,0.281285,5873.85,4292.0,1494.27,10.43,0,0.503305,0.367763,5998.46
2024-05-30,894,12630.72,10433.66,10433.66,445,303,122,24,0,0.497763,0.338926,4355.49,4616.18,1446.24,15.75,0,0.417446,0.442432,3803.57
2024-05-31,669,18006.92,7962.26,7962.26,290,140,161,78,0,0.433483,0.209268,3933.05,2411.26,1570.71,47.24,0,0.493962,0.302837,0.0
2024-06-01,0,0.0,0.0,3.78,0,0,0,0,0,0.0,0.0,0.0,0.0,0.0,0.0,0,0.0,0.0,6373.97
2024-06-02,0,0.0,0.0,0.0,0,0,0,0,0,0.0,0.0,0.0,0.0,0.0,0.0,0,0.0,0.0,1951.27
2024-06-03,1110,17649.55,13836.81,13839.57,536,350,182,42,0,0.482883,0.315315,5683.57,6271.7,1826.76,54.78,0,0.410757,0.453262,5377.03
2024-06-04,464,13759.45,5775.83,5775.83,196,127,113,28,0,0.422414,0.273707,2191.93,2536.05,1007.7,40.15,0,0.379501,0.43908,3518.9
2024-06-05,731,13355.99,8642.49,8642.49,300,253,139,39,0,0.410397,0.346101,3413.34,3633.58,1519.73,75.84,0,0.394949,0.420432,3983.0
2024-06-06,810,11546.87,9930.69,9930.69,385,242,157,26,0,0.475309,0.298765,4179.01,4005.22,1707.02,39.45,0,0.420817,0.403317,3387.39
2024-06-07,817,14126.85,9534.85,9539.96,362,240,192,23,0,0.443084,0.293758,3751.38,3519.44,2253.37,10.66,0,0.393439,0.369114,4243.76
2024-06-08,0,0.0,0.0,0.34,0,0,0,0,0,0.0,0.0,0.0,0.0,0.0,0.0,0,0.0,0.0,1609.39
2024-06-09,0,0.0,0.0,2.33,0,0,0,0,0,0.0,0.0,0.0,0.0,0.0,0.0,0,0.0,0.0,1404.29
2024-06-10,313,13673.61,3465.61,3466.57,135,75,73,30,0,0.43131,0.239617,1586.41,1367.26,468.63,43.3,0,0.457759,0.394523,3479.02
2024-06-11,587,13451.18,6469.21,6469.6,265,149,115,58,0,0.451448,0.253833,2904.48,2301.39,1208.73,54.61,0,0.44897,0.355745,3785.04
2024-06-12,100,19547.72,1412.5,1412.5,45,31,22,2,0,0.45,0.31,549.67,595.29,263.85,3.68,0,0.389151,0.421449,4276.1
2024-06-13,1187,18633.23,14643.82,14643.82,478,322,307,80,0,0.402696,0.271272,5659.92,5574.78,3383.04,26.08,0,0.386506,0.380692,5285.97
2024-06-14,1295,15733.7,16884.79,16886.44,771,320,154,50,0,0.595367,0.247104,9276.28,6282.51,1242.45,83.55,0,0.549387,0.372081,4819.07
2024-06-15,0,0.0,0.0,0.0,0,0,0,0,0,0.0,0.0,0.0,0.0,0.0,0.0,0,0.0,0.0,1445.29
2024-06-16,0,0.0,0.0,0.0,0,0,0,0,0,0.0,0.0,0.0,0.0,0.0,0.0,0,0.0,0.0,1302.34
2024-06-17,532,12448.21,6345.95,6345.95,233,171,89,39,0,0.43797,0.321429,2260.16,3089.33,968.93,27.52,0,0.356159,0.486819,3482.33
2024-06-18,240,13537.89,2889.29,2889.29,109,75,49,7,0,0.454167,0.3125,1436.14,1145.88,295.27,11.99,0,0.497058,0.396597,3538.11
2024-06-19,967,4164.65,10228.52,10228.52,405,250,279,33,0,0.418821,0.258532,4027.39,3793.24,2360.42,47.46,0,0.393742,0.37085,2250.52
2024-06-20,933,10208.05,11423.81,11423.81,455,315,112,51,0,0.487674,0.337621,5811.65,4594.82,986.65,30.69,0,0.508732,0.402214,3684.4
2024-06-21,705,14558.12,8042.95,8042.95,406,169,91,39,0,0.575887,0.239716,3928.13,3323.01,765.52,26.29,0,0.488394,0.413159,3982.72
2024-06-22,0,0.0,0.0,1.73,0,0,0,0,0,0.0,0.0,0.0,0.0,0.0,0.0,0,0.0,0.0,1558.38
2024-06-23,0,0.0,0.0,2.29,0,0,0,0,0,0.0,0.0,0.0,0.0,0.0,0.0,0,0.0,0.0,1761.59
2024-06-24,1164,21083.65,13392.24,13393.09,682,272,129,81,0,0.585911,0.233677,7180.78,4818.07,1362.21,31.18,0,0.53619,0.359766,5609.39
2024-06-25,782,3367.28,8757.78,8761.29,403,243,125,11,0,0.515345,0.310742,3864.46,3749.5,1127.16,16.67,0,0.44126,0.428133,1933.09
2024-06-26,1212,8507.55,17515.43,17522.59,681,365,133,33,0,0.561881,0.301155,8836.77,7213.77,1374.03,90.87,0,0.504513,0.411852,3597.33
2024-06-27,1185,17315.89,15789.71,15791.06,498,310,357,20,0,0.420253,0.261603,6443.6,5051.98,4241.11,53.01,0,0.408089,0.319954,4997.62
2024-06-28,903,10335.53,10222.75,10222.75,526,183,132,62,0,0.582503,0.202658,6216.07,3106.17,835.73,64.78,0,0.608062,0.303849,3401.15
2024-06-29,0,0.0,0.0,2.62,0,0,0,0,0,0.0,0.0,0.0,0.0,0.0,0.0,0,0.0,0.0,1453.73
2024-06-30,0,0.0,0.0,0.0,0,0,0,0,0,0.0,0.0,0.0,0.0,0.0,0.0,0,0.0,0.0,1301.25
2024-07-01,840,26498.11,9615.03,9615.46,375,234,208,23,0,0.446429,0.278571,3807.65,3314.16,2444.23,48.99,0,0.39601,0.344686,6386.91
2024-07-02,625,11773.89,7085.62,7086.0,338,143,136,8,0,0.5408,0.2288,3632.76,2498.45,931.08,23.34,0,0.512695,0.352608,3315.86
2024-07-03,324,23040.14,3188.7,3188.92,136,70,73,45,0,0.419753,0.216049,1274.36,1035.67,800.34,78.33,0,0.399649,0.324793,5204.07
2024-07-04,707,8199.5,8105.49,8109.92,393,188,91,35,0,0.55587,0.265912,3870.49,3530.53,688.34,16.12,0,0.477515,0.435573,2723.07
2024-07-05,516,18575.71,6671.46,6674.75,215,162,100,39,0,0.416667,0.313953,2675.57,3152.32,777.01,66.55,0,0.401047,0.472509,4966.38
2024-07-06,0,0.0,0.0,6.8,0,0,0,0,0,0.0,0.0,0.0,0.0,0.0,0.0,0,0.0,0.0,1364.47
2024-07-07,0,0.0,0.0,0.21,0,0,0,0,0,0.0,0.0,0.0,0.0,0.0,0.0,0,0.0,0.0,1338.28
2024-07-08,565,8572.25,6326.65,6326.65,235,150,136,44,0,0.415929,0.265487,2376.28,2496.87,1422.21,31.29,0,0.375599,0.394658,2765.83
2024-07-09,1360,17411.2,18166.71,18166.71,729,461,134,36,0,0.536029,0.338971,8755.28,8493.97,861.77,55.69,0,0.481941,0.467557,5576.06
2024-07-10,1157,7932.49,12067.45,12067.45,577,262,217,101,0,0.498704,0.226448,5194.64,4347.02,2303.55,222.24,0,0.430467,0.360227,3213.46
2024-07-11,629,12606.19,8060.79,8060.91,338,156,114,21,0,0.537361,0.248013,4325.8,2399.92,1303.56,31.51,0,0.536647,0.297727,3393.06
2024-07-12,873,18371.4,11424.56,11426.86,397,209,222,45,0,0.454754,0.239404,5538.7,3586.57,2183.18,116.1,0,0.484807,0.313935,5176.98
2024-07-13,0,0.0,0.0,0.0,0,0,0,0,0,0.0,0.0,0.0,0.0,0.0,0.0,0,0.0,0.0,1671.28
2024-07-14,0,0.0,0.0,2.58,0,0,0,0,0,0.0,0.0,0.0,0.0,0.0,0.0,0,0.0,0.0,1830.59
2024-07-15,703,16747.66,8598.72,8603.16,404,168,94,37,0,0.57468,0.238976,4768.77,2861.55,923.08,45.32,0,0.554591,0.332787,4331.51
2024-07-16,1078,15851.94,12373.09,12373.79,632,287,108,51,0,0.586271,0.266234,7438.58,4054.43,853.0,27.08,0,0.60119,0.327681,4737.22
2024-07-17,544,7654.58,6171.89,6172.76,220,178,96,50,0,0.404412,0.327206,2469.16,2964.97,617.36,120.41,0,0.400065,0.480398,2580.84
2024-07-18,653,11674.77,8064.12,8069.55,282,150,189,32,0,0.431853,0.229709,3383.19,2957.83,1694.27,28.83,0,0.419536,0.366789,3353.81
2024-07-19,0,0.0,0.0,4.27,0,0,0,0,0,0.0,0.0,0.0,0.0,0.0,0.0,0,0.0,0.0,1467.77
2024-07-20,0,0.0,0.0,0.3,0,0,0,0,0,0.0,0.0,0.0,0.0,0.0,0.0,0,0.0,0.0,1188.58
2024-07-21,0,0.0,0.0,0.8,0,0,0,0,0,0.0,0.0,0.0,0.0,0.0,0.0,0,0.0,0.0,1358.56
2024-07-22,249,8165.27,2509.11,2510.46,138,53,44,14,0,0.554217,0.212851,1411.44,755.53,323.03,19.11,0,0.562527,0.301116,2123.13
2024-07-23,1144,10287.62,13094.56,13094.56,691,231,213,9,0,0.604021,0.201923,6260.64,4291.54,2517.92,24.46,0,0.47811,0.327735,3829.05
2024-07-24,1184,14437.02,14682.4,14685.79,633,310,198,43,0,0.534628,0.261824,8038.37,4479.53,2054.98,109.52,0,0.547483,0.305095,4390.67
2024-07-25,434,12147.76,5396.03,5396.03,208,98,87,41,0,0.479263,0.225806,2852.27,1803.68,634.36,105.73,0,0.528587,0.33426,3133.33
2024-07-26,346,12042.55,4045.94,4051.95,158,105,82,1,0,0.456647,0.303468,1491.84,1894.74,659.15,0.21,0,0.368724,0.468307,3249.44
2024-07-27,0,0.0,0.0,0.0,0,0,0,0,0,0.0,0.0,0.0,0.0,0.0,0.0,0,0.0,0.0,1432.29
2024-07-28,0,0.0,0.0,0.65,0,0,0,0,0,0.0,0.0,0.0,0.0,0.0,0.0,0,0.0,0.0,1365.58
2024-07-29,371,10853.15,3996.01,3996.72,201,80,84,6,0,0.541779,0.215633,1951.35,1193.29,850.52,0.85,0,0.488324,0.298621,2889.52
2024-07-30,699,8313.79,7267.73,7269.2,322,143,197,37,0,0.460658,0.204578,3946.65,2095.24,1198.28,27.56,0,0.543037,0.288293,2723.26
2024-07-31,694,11052.36,7833.75,7834.45,368,141,148,37,0,0.530259,0.20317,4087.16,2058.84,1583.14,104.61,0,0.521737,0.262817,3398.06
2024-08-01,883,13038.14,11241.59,11244.96,476,299,106,2,0,0.539071,0.338618,5342.95,5167.3,729.33,2.02,0,0.475284,0.459659,3910.1
2024-08-02,992,15431.06,13273.09,13274.83,501,343,115,33,0,0.50504,0.345766,6877.27,5349.04,1037.8,8.98,0,0.518136,0.402999,4679.0
2024-08-03,0,0.0,0.0,0.0,0,0,0,0,0,0.0,0.0,0.0,0.0,0.0,0.0,0,0.0,0.0,1573.39
2024-08-04,0,0.0,0.0,0.0,0,0,0,0,0,0.0,0.0,0.0,0.0,0.0,0.0,0,0.0,0.0,1309.97
2024-08-05,972,21709.58,10421.97,10424.18,571,251,121,29,0,0.587449,0.25823,5671.41,3967.91,748.56,34.09,0,0.544179,0.380726,5779.15
2024-08-06,880,11535.49,10781.04,10781.35,420,222,210,28,0,0.477273,0.252273,4538.73,4243.69,1980.66,17.96,0,0.420992,0.393626,3787.47
2024-08-07,1174,18733.92,15777.27,15777.27,531,366,180,97,0,0.4523,0.311755,7266.49,6455.94,1847.19,207.65,0,0.460567,0.409193,5665.41
2024-08-08,674,17232.33,6613.9,6613.9,295,196,109,74,0,0.437685,0.290801,3045.25,2790.52,724.8,53.34,0,0.460431,0.421918,4316.47
2024-08-09,798,16852.88,9355.59,9355.59,378,198,140,82,0,0.473684,0.24812,3784.0,3670.9,1672.28,228.42,0,0.404464,0.392375,4514.44
2024-08-10,0,0.0,0.0,1.4,0,0,0,0,0,0.0,0.0,0.0,0.0,0.0,0.0,0,0.0,0.0,1585.12
2024-08-11,0,0.0,0.0,1.89,0,0,0,0,0,0.0,0.0,0.0,0.0,0.0,0.0,0,0.0,0.0,1573.74
2024-08-12,812,6350.91,11167.68,11169.99,468,199,139,6,0,0.576355,0.245074,6538.59,3705.49,911.79,11.81,0,0.585492,0.331805,2574.66
2024-08-13,423,16439.95,4545.43,4545.62,178,102,109,34,0,0.420804,0.241135,2000.91,1590.31,910.85,43.36,0,0.440203,0.34987,4121.49
2024-08-14,968,15285.51,10441.94,10445.14,494,254,154,66,0,0.510331,0.262397,4820.95,4092.34,1446.79,81.85,0,0.461691,0.391914,4806.9
2024-08-15,890,19287.26,11394.48,11402.59,520,196,140,34,0,0.58427,0.220225,6807.39,3430.97,1061.3,94.82,0,0.597429,0.301108,5075.01
2024-08-16,459,13842.66,5627.02,5628.82,265,96,77,21,0,0.577342,0.20915,3263.37,1412.36,894.92,56.37,0,0.579947,0.250996,3526.31
2024-08-17,0,0.0,0.0,2.03,0,0,0,0,0,0.0,0.0,0.0,0.0,0.0,0.0,0,0.0,0.0,1416.11
2024-08-18,0,0.0,0.0,0.0,0,0,0,0,0,0.0,0.0,0.0,0.0,0.0,0.0,0,0.0,0.0,1380.09
2024-08-19,976,21426.61,12211.4,12211.4,577,265,128,6,0,0.591189,0.271516,5521.95,5188.12,1495.67,5.66,0,0.452196,0.424858,5653.4
2024-08-20,893,18126.93,10702.28,10702.28,406,273,133,81,0,0.454647,0.305711,4981.07,4377.31,1321.06,22.85,0,0.465421,0.409007,4892.9
2024-08-21,620,10080.85,6824.7,6824.7,298,173,106,43,0,0.480645,0.279032,3231.63,2686.22,881.45,25.41,0,0.473519,0.393603,3077.55
2024-08-22,596,19678.11,7841.66,7841.66,339,153,86,18,0,0.568792,0.256711,3935.76,2977.19,925.54,3.17,0,0.501904,0.379664,5144.15
2024-08-23,1384,15989.25,18152.88,18153.14,724,303,320,37,0,0.523121,0.218931,9134.82,5822.5,3127.58,67.98,0,0.503216,0.320748,4960.66
2024-08-24,0,0.0,0.0,0.7,0,0,0,0,0,0.0,0.0,0.0,0.0,0.0,0.0,0,0.0,0.0,1577.17
2024-08-25,0,0.0,0.0,1.74,0,0,0,0,0,0.0,0.0,0.0,0.0,0.0,0.0,0,0.0,0.0,1943.46
2024-08-26,944,10927.3,11231.51,11231.51,416,236,256,36,0,0.440678,0.25,3938.65,4561.45,2709.83,21.58,0,0.350679,0.40613,3681.1
2024-08-27,1100,12175.81,12620.21,12622.24,512,226,321,41,0,0.465455,0.205455,4620.43,4153.2,3753.53,93.05,0,0.366114,0.329091,4074.13
2024-08-28,892,3819.01,9663.13,9665.49,441,258,184,9,0,0.494395,0.289238,4142.63,4207.49,1303.5,9.51,0,0.428705,0.435417,2249.42
2024-08-29,625,18922.79,6583.34,6583.34,254,131,182,58,0,0.4064,0.2096,2619.67,2609.02,1320.18,34.47,0,0.397923,0.396306,4846.18
2024-08-30,1155,19235.44,12699.12,12702.55,497,305,308,45,0,0.430303,0.264069,5391.39,5308.97,1975.77,22.99,0,0.424548,0.418058,5486.85
2024-08-31,0,0.0,0.0,3.49,0,0,0,0,0,0.0,0.0,0.0,0.0,0.0,0.0,0,0.0,0.0,1716.99
2024-09-01,0,0.0,0.0,7.72,0,0,0,0,0,0.0,0.0,0.0,0.0,0.0,0.0,0,0.0,0.0,1415.0
2024-09-02,675,12600.94,8406.9,8410.77,278,221,121,55,0,0.411852,0.327407,3094.48,4148.87,1080.94,82.61,0,0.368088,0.493508,3886.15
2024-09-03,1245,14728.73,15316.76,15320.54,740,373,114,18,0,0.594378,0.299598,8208.73,6042.41,1040.67,24.96,0,0.535931,0.394496,4813.29
2024-09-04,955,20185.94,12257.44,12257.44,565,277,73,40,0,0.591623,0.290052,7479.66,4272.78,503.96,1.03,0,0.610214,0.348587,5812.44
2024-09-05,0,0.0,0.0,3.15,0,0,0,0,0,0.0,0.0,0.0,0.0,0.0,0.0,0,0.0,0.0,1701.91
2024-09-06,715,10132.46,7049.56,7051.52,342,144,191,38,0,0.478322,0.201399,3518.53,2179.72,1288.02,63.3,0,0.499113,0.309199,3181.44
2024-09-07,0,0.0,0.0,0.59,0,0,0,0,0,0.0,0.0,0.0,0.0,0.0,0.0,0,0.0,0.0,1336.67
2024-09-08,0,0.0,0.0,0.0,0,0,0,0,0,0.0,0.0,0.0,0.0,0.0,0.0,0,0.0,0.0,1577.01
2024-09-09,1191,14286.63,15232.53,15232.53,720,360,109,2,0,0.604534,0.302267,8414.78,6092.17,724.17,1.42,0,0.552421,0.399945,4679.76
2024-09-10,698,3036.6,7842.07,7842.07,396,149,145,8,0,0.567335,0.213467,3699.87,2704.51,1419.52,18.18,0,0.471797,0.344872,1682.05
2024-09-11,1012,20920.85,14323.96,14324.89,617,291,88,16,0,0.609684,0.287549,7885.63,5815.93,612.69,9.72,0,0.55052,0.406028,5527.72
2024-09-12,0,0.0,0.0,0.0,0,0,0,0,0,0.0,0.0,0.0,0.0,0.0,0.0,0,0.0,0.0,1434.04
2024-09-13,628,10413.49,7020.15,7020.15,350,186,83,9,0,0.557325,0.296178,3327.09,2908.84,760.65,23.57,0,0.473934,0.414356,3356.87
2024-09-14,0,0.0,0.0,0.0,0,0,0,0,0,0.0,0.0,0.0,0.0,0.0,0.0,0,0.0,0.0,1290.56
2024-09-15,0,0.0,0.0,3.33,0,0,0,0,0,0.0,0.0,0.0,0.0,0.0,0.0,0,0.0,0.0,1794.22
2024-09-16,565,13064.98,6303.33,6309.65,281,186,86,12,0,0.497345,0.329204,3046.37,2660.22,589.79,6.95,0,0.483295,0.422035,3585.97
